"Reference","Qty","Value","DNP","Exclude from BOM","Exclude from Board","Exclude from Simulation","Exclude from Position Files","Footprint","Datasheet","LCSC","Part","Price","Stock"
"TP7","1","UWB_CS","","","","","${EXCLUDE_FROM_POS_FILES}","TestPoint:TestPoint_Pad_D2.0mm","","","","",""
"TP6","1","UWB_RXOK","","","","","${EXCLUDE_FROM_POS_FILES}","TestPoint:TestPoint_Pad_D2.0mm","","","","",""
"TP5","1","UWB_RX","","","","","${EXCLUDE_FROM_POS_FILES}","TestPoint:TestPoint_Pad_D2.0mm","","","","",""
"TP4","1","UWB_TX","","","","","${EXCLUDE_FROM_POS_FILES}","TestPoint:TestPoint_Pad_D2.0mm","","","","",""
"TP3","1","LDO","","","","","${EXCLUDE_FROM_POS_FILES}","TestPoint:TestPoint_Pad_D2.0mm","","","","",""
"TP2","1","Buck Out","","","","","${EXCLUDE_FROM_POS_FILES}","TestPoint:TestPoint_Pad_D2.0mm","","","","",""
"TP1","1","Buck In","","","","","${EXCLUDE_FROM_POS_FILES}","TestPoint:TestPoint_Pad_D2.0mm","","","","",""
"U5","1","BME680","","","","","${EXCLUDE_FROM_POS_FILES}","Package_LGA:Bosch_LGA-8_3x3mm_P0.8mm_ClockwisePinNumbering","https://ae-bst.resource.bosch.com/media/_tech/media/datasheets/BST-BME680-DS001.pdf","","","",""
"D1","1","USBLC6-2SC6","","","","","${EXCLUDE_FROM_POS_FILES}","lcsc_footprints:C7519_SOT-23-6_L2_9-W1_6-P0_95-LS2_8-BL","https://www.lcsc.com/datasheet/lcsc_datasheet_2410121836_STMicroelectronics-USBLC6-2SC6_C7519.pdf","C7519","","",""
"LED1","1","0402","","","","","${EXCLUDE_FROM_POS_FILES}","lcsc_footprints:C74338_LED0402-R-RD","https://www.lcsc.com/datasheet/lcsc_datasheet_1809211234_Everlight-Elec-16-213-GHC-YR1S1-3T_C74338.pdf","C74338","","",""
"H2,H3","2","X6511WV-14H-C30D60","","","","","${EXCLUDE_FROM_POS_FILES}","lcsc_footprints:C725946_HDR-TH_14P-P2_54-V-M","","C725946","","",""
"H4","1","X6511WV-12H-C30D60","","","","","${EXCLUDE_FROM_POS_FILES}","lcsc_footprints:C725944_HDR-TH_12P-P2_54-V-M","","C725944","","",""
"USB1","1","USB4085-GF-A_C7095263","","","","","${EXCLUDE_FROM_POS_FILES}","lcsc_footprints:C7095263_USC-C-SMD_USB4085-GF-A","https://www.lcsc.com/datasheet/lcsc_datasheet_2410010204_Global-Connector-Technology-USB4085-GF-A_C7095263.pdf","C7095263","","",""
"H5","1","X6511WV-03H-C30D60","","","","","${EXCLUDE_FROM_POS_FILES}","lcsc_footprints:C706875_HDR-TH_3P-P2_54-V-M","https://www.lcsc.com/datasheet/lcsc_datasheet_2305241443_XKB-Connection-X6511WV-03H-C60D30_C706875.pdf","C706875","","",""
"U2,U3","2","ICS-43434_C5656610","","","","","${EXCLUDE_FROM_POS_FILES}","lcsc_footprints:C5656610_MIC-SMD_6P-L3_5-W2_7-P0_90-BL","https://wmsc.lcsc.com/wmsc/upload/file/pdf/v2/lcsc/2312010321_TDK-InvenSense-ICS-43434_C5656610.pdf","C5656610","","",""
"U4","1","ADM7172ACPZ-3.3-R7","","","","","${EXCLUDE_FROM_POS_FILES}","lcsc_footprints:C514342_DFN-8_L3_0-W3_0-P0_50-BL-EP","https://www.lcsc.com/datasheet/lcsc_datasheet_2004231133_Analog-Devices-ADM7172ACPZ-3-3-R7_C514342.pdf","C514342","","",""
"U7","1","MLX90640ESF-BAB-000-TU","","","","","${EXCLUDE_FROM_POS_FILES}","lcsc_footprints:C488251_TO-39-4_MLX90640ESF-BAB-000-TU","https://wmsc.lcsc.com/wmsc/upload/file/pdf/v2/lcsc/2003182010_Melexis-MLX90640ESF-BAB-000-TU_C488251.pdf","C488251","","",""
"WIRELM1","1","DWM3000","","","","","${EXCLUDE_FROM_POS_FILES}","lcsc_footprints:C3028890_WIRELM-SMD_DWM3000","-","C3028890","","",""
"U8","1","FRC0805F1400TS 140","","","","","${EXCLUDE_FROM_POS_FILES}","lcsc_footprints:C2930166_R0805","https://wmsc.lcsc.com/wmsc/upload/file/pdf/v2/lcsc/2308241009_FOJAN-FRC0805F1400TS_C2930166.pdf","C2930166","","",""
"U6","1","ESP32-S3-WROOM-1(N16R8)","","","","","${EXCLUDE_FROM_POS_FILES}","lcsc_footprints:C2913202_WIRELM-SMD_ESP32-S3-WROOM-1","https://www.lcsc.com/datasheet/lcsc_datasheet_2411121101_Espressif-Systems-ESP32-S3-WROOM-1-N16R8_C2913202.pdf","C2913202","","",""
"U1","1","TPS54233QDRQ1","","","","","${EXCLUDE_FROM_POS_FILES}","lcsc_footprints:C2865142_SOIC-8_L4_9-W3_9-P1_27-LS6_0-BL","https://www.ti.com/cn/lit/gpn/tps54233-q1","C2865142","","",""
"SM1","1","HLK-LD2410C-P","","","","","${EXCLUDE_FROM_POS_FILES}","lcsc_footprints:C19723500_SENSOR-TH_HLK-LD2410C-P","https://wmsc.lcsc.com/wmsc/upload/file/pdf/v2/lcsc/2312221750_HI-LINK-HLK-LD2410C-P_C19723500.pdf","C19723500","","",""
"R15,R16","2","1k","","","","","${EXCLUDE_FROM_POS_FILES}","lcsc_footprints:C17414_R0805","","","","",""
"R13,R14","2","4.7k","","","","","${EXCLUDE_FROM_POS_FILES}","lcsc_footprints:C17414_R0805","","","","",""
"R11","1","10k","","","","","${EXCLUDE_FROM_POS_FILES}","lcsc_footprints:C17414_R0805","","C17414","","",""
"R9,R10","2","22","","","","","${EXCLUDE_FROM_POS_FILES}","lcsc_footprints:C17414_R0805","","C17561","","",""
"R8,R12","2","100k","","","","","${EXCLUDE_FROM_POS_FILES}","lcsc_footprints:C17414_R0805","","C25611","","",""
"R7","1","2.8KΩ (2801) ±1%","","","","","${EXCLUDE_FROM_POS_FILES}","lcsc_footprints:C17414_R0805","https://www.lcsc.com/datasheet/lcsc_datasheet_2206010200_UNI-ROYAL-Uniroyal-Elec-0805W8F2801T5E_C17534.pdf","C17534","","",""
"R6","1","10kΩ","","","","","${EXCLUDE_FROM_POS_FILES}","lcsc_footprints:C17414_R0805","https://www.lcsc.com/datasheet/lcsc_datasheet_2411221126_UNI-ROYAL-Uniroyal-Elec-0805W8F1002T5E_C17414.pdf","C17414","0805W8F1002T5E","0.005USD","12301172"
"R4","1","FRC0805F2102TS 21k","","","","","${EXCLUDE_FROM_POS_FILES}","lcsc_footprints:C17414_R0805","https://wmsc.lcsc.com/wmsc/upload/file/pdf/v2/lcsc/2308241947_FOJAN-FRC0805F2102TS_C2933366.pdf","C2933366","","",""
"R3,R5","2","5.1k","","","","","${EXCLUDE_FROM_POS_FILES}","lcsc_footprints:C17414_R0805","","C26023","","",""
"R2","1","62kΩ","","","","","${EXCLUDE_FROM_POS_FILES}","lcsc_footprints:C17414_R0805","https://www.lcsc.com/datasheet/lcsc_datasheet_2205311830_UNI-ROYAL-Uniroyal-Elec-0805W8F6202T5E_C17783.pdf","C17783","0805W8F6202T5E","0.005USD","53461"
"R1","1","150kΩ","","","","","${EXCLUDE_FROM_POS_FILES}","lcsc_footprints:C17414_R0805","https://www.lcsc.com/datasheet/lcsc_datasheet_2206010216_UNI-ROYAL-Uniroyal-Elec-0805W8F1503T5E_C17470.pdf","C17470","0805W8F1503T5E","0.005USD","266545"
"C15,C16,C18","3","100n","","","","","${EXCLUDE_FROM_POS_FILES}","lcsc_footprints:C1712_C0805","","","","",""
"C14","1","1uF","","","","","${EXCLUDE_FROM_POS_FILES}","lcsc_footprints:C1712_C0805","","C1712","","",""
"C12,C13","2","4.7uF","","","","","${EXCLUDE_FROM_POS_FILES}","lcsc_footprints:C1712_C0805","https://www.lcsc.com/datasheet/lcsc_datasheet_2304140030_Samsung-Electro-Mechanics-CL21A475KAQNNNE_C1779.pdf","C1779","CL21A475KAQNNNE","0.015USD","1824431"
"C11","1","1nF (102) ±5% 50V","","","","","${EXCLUDE_FROM_POS_FILES}","lcsc_footprints:C1712_C0805","https://www.lcsc.com/datasheet/lcsc_datasheet_2304140030_Samsung-Electro-Mechanics-CL21C102JBCNNNC_C1791.pdf","C1791","","",""
"C8","1","22uF","","","","","${EXCLUDE_FROM_POS_FILES}","lcsc_footprints:C1712_C0805","","C29277","","",""
"C7","1","GRM21BR61A476ME15L 47uF","","","","","${EXCLUDE_FROM_POS_FILES}","lcsc_footprints:C1712_C0805","https://datasheet.lcsc.com/lcsc/1912111437_Murata-Electronics-GRM21BR61A476ME15L_C124129.pdf","C124129","","",""
"C6","1","4.7nF","","","","","${EXCLUDE_FROM_POS_FILES}","lcsc_footprints:C1712_C0805","https://www.lcsc.com/datasheet/lcsc_datasheet_2304140030_FH--Guangdong-Fenghua-Advanced-Tech-0805B472K500NT_C1744.pdf","C1744","0805B472K500NT","0.008USD","242770"
"C5","1","47pF","","","","","${EXCLUDE_FROM_POS_FILES}","lcsc_footprints:C1712_C0805","https://www.lcsc.com/datasheet/lcsc_datasheet_2304140030_Samsung-Electro-Mechanics-CL21C470JBANNNC_C14857.pdf","C14857","CL21C470JBANNNC","0.014USD","157146"
"C4,C10","2","0.1u","","","","","${EXCLUDE_FROM_POS_FILES}","lcsc_footprints:C1712_C0805","","","","",""
"C3","1","10nF","","","","","${EXCLUDE_FROM_POS_FILES}","lcsc_footprints:C1712_C0805","https://www.lcsc.com/datasheet/lcsc_datasheet_2304140030_Samsung-Electro-Mechanics-CL21B103KBANNNC_C1710.pdf","C1710","CL21B103KBANNNC","0.009USD","1825184"
"C2,C9","2","100nF","","","","","${EXCLUDE_FROM_POS_FILES}","lcsc_footprints:C1712_C0805","https://www.lcsc.com/datasheet/lcsc_datasheet_2304140030_YAGEO-CC0805KRX7R9BB104_C49678.pdf","C49678","CC0805KRX7R9BB104","0.008USD","13380467"
"C1","1","10uF","","","","","${EXCLUDE_FROM_POS_FILES}","lcsc_footprints:C1712_C0805","https://www.lcsc.com/datasheet/lcsc_datasheet_2304140030_Samsung-Electro-Mechanics-CL21A106KAYNNNE_C15850.pdf","C15850","CL21A106KAYNNNE","0.014USD","6525809"
"L1","1","FNR6045S150MT 15uH","","","","","${EXCLUDE_FROM_POS_FILES}","lcsc_footprints:C168078_IND-SMD_L6_0-W6_0_FNR60XXS","https://www.lcsc.com/datasheet/lcsc_datasheet_2304140030_cjiang--Changjiang-Microelectronics-Tech-FNR6045S150MT_C168078.pdf","C168078","","",""
"C19","1","10uF","","","","","${EXCLUDE_FROM_POS_FILES}","lcsc_footprints:C15850_C0805","https://www.lcsc.com/datasheet/lcsc_datasheet_2304140030_Samsung-Electro-Mechanics-CL21A106KAYNNNE_C15850.pdf","C15850","","",""
